year_month,mean_temp,median_temp,var_temp,min_temp,max_temp,mean_prcp,median_prcp,var_prcp,min_prcp,max_prcp
1950-01,32.216299019607845,32.3,581.1135376969802,-30.7,86.4,0.0,0.0,0.0,0.0,0.0
1950-02,38.54848066298342,38.3,384.61541954181047,-21.4,86.5,0.0,0.0,0.0,0.0,0.0
1950-03,42.54841815680881,41.3,362.69776264584095,-13.7,86.1,0.0,0.0,0.0,0.0,0.0
1950-04,51.58463768115942,49.7,230.0698071979973,10.6,86.4,0.0,0.0,0.0,0.0,0.0
1950-05,59.93930921052631,60.3,148.8114835417932,29.0,94.4,0.0,0.0,0.0,0.0,0.0
1950-06,67.5486328125,66.95,108.02614294123023,42.5,101.9,0.0,0.0,0.0,0.0,0.0
1950-07,70.37186311787072,70.3,86.65954966503715,47.2,102.6,0.0,0.0,0.0,0.0,0.0
1950-08,69.19713603818616,70.3,54.17405876374597,49.7,85.6,0.0,0.0,0.0,0.0,0.0
1950-09,63.37451523545707,62.1,107.76473761157277,34.5,91.1,0.0,0.0,0.0,0.0,0.0
1950-10,56.990045248868775,55.2,139.55353681612513,31.2,84.1,0.0,0.0,0.0,0.0,0.0
1950-11,49.39722222222222,45.3,334.1161604361373,16.0,85.7,0.0,0.0,0.0,0.0,0.0
1950-12,63.325,79.05000000000001,557.2916860465118,27.9,87.5,0.0,0.0,0.0,0.0,0.0
1951-01,31.47659574468085,31.7,219.55824032709927,-11.5,63.5,0.0,0.0,0.0,0.0,0.0
1951-02,34.0076,34.4,245.05701028112455,-13.6,71.9,0.0,0.0,0.0,0.0,0.0
1951-03,42.81393034825871,40.8,167.3041049751244,16.6,76.1,0.0,0.0,0.0,0.0,0.0
1951-04,53.347297297297295,50.75,151.96536679536686,30.1,83.5,0.0,0.0,0.0,0.0,0.0
1951-05,63.417419354838714,62.7,102.57794134897371,45.3,84.3,0.0,0.0,0.0,0.0,0.0
1951-06,70.04733333333334,69.3,92.44089888143186,51.0,90.3,0.0,0.0,0.0,0.0,0.0
1951-07,82.18865979381444,82.2,38.81518256013747,59.6,93.3,0.0,0.0,0.0,0.0,0.0
1951-08,82.16428571428571,82.8,32.490424710424676,68.0,92.6,0.0,0.0,0.0,0.0,0.0
1951-09,73.50625,74.0,116.81678571428594,51.7,90.6,0.0,0.0,0.0,0.0,0.0
1951-10,65.10392156862746,69.1,170.82358431372532,34.1,85.2,0.0,0.0,0.0,0.0,0.0
1951-11,47.86666666666667,47.55,180.4673446327684,24.1,72.2,0.0,0.0,0.0,0.0,0.0
1951-12,42.77258064516129,44.849999999999994,253.33480962453703,7.0,67.4,0.0,0.0,0.0,0.0,0.0
1952-01,35.18686567164179,34.7,193.2026413441775,-13.0,72.2,0.0,0.0,0.0,0.0,0.0
1952-02,37.49809160305343,37.1,120.4627166505805,7.3,65.7,0.0,0.0,0.0,0.0,0.0
1952-03,42.69529780564263,41.5,167.504474675184,8.9,74.8,0.0,0.0,0.0,0.0,0.0
1952-04,54.01266968325792,55.1,100.19420238584941,28.1,72.4,0.0,0.0,0.0,0.0,0.0
1952-05,62.15371900826447,62.9,86.39467355371897,41.0,78.7,0.0,0.0,0.0,0.0,0.0
1952-06,69.21333333333334,69.2,41.65330337078646,53.3,84.3,0.0,0.0,0.0,0.0,0.0
1952-07,75.62727272727273,77.0,59.556220095694,52.9,91.5,0.0,0.0,0.0,0.0,0.0
1952-08,74.26774193548388,73.35,25.947466948704378,59.0,87.5,0.0,0.0,0.0,0.0,0.0
1952-09,73.16666666666667,75.0,43.771818181818155,58.2,84.9,0.0,0.0,0.0,0.0,0.0
1952-10,65.6741935483871,63.3,35.15664516129037,57.4,78.6,0.0,0.0,0.0,0.0,0.0
1952-11,49.9,51.4,51.246206896551705,36.4,61.6,0.0,0.0,0.0,0.0,0.0
1952-12,45.873333333333335,45.8,12.086160919540234,40.7,53.6,0.0,0.0,0.0,0.0,0.0
1953-01,37.98248847926268,37.2,183.96796053681845,-4.8,77.0,0.0,0.0,0.0,0.0,0.0
1953-02,36.79287671232876,35.2,194.859839229264,-4.7,78.1,0.0,0.0,0.0,0.0,0.0
1953-03,42.8297157622739,41.9,188.2761872246992,9.9,81.2,0.0,0.0,0.0,0.0,0.0
1953-04,49.521727019498606,47.8,129.8960070649381,27.0,85.5,0.0,0.0,0.0,0.0,0.0
1953-05,59.38979591836735,57.4,124.3813283208019,38.1,91.0,0.0,0.0,0.0,0.0,0.0
1953-06,66.69678899082568,64.5,125.14869931932492,46.8,89.8,0.0,0.0,0.0,0.0,0.0
1953-07,74.00691244239631,72.8,74.41194273766847,57.8,91.9,0.0,0.0,0.0,0.0,0.0
1953-08,72.08963730569948,70.2,90.70739205526792,52.3,89.1,0.0,0.0,0.0,0.0,0.0
1953-09,66.50583333333333,63.45,125.76038585434179,43.1,86.7,0.0,0.0,0.0,0.0,0.0
1953-10,59.97832167832168,54.3,256.5342450507239,31.6,87.2,0.0,0.0,0.0,0.0,0.0
1953-11,56.175000000000004,51.7,288.6608478260869,30.7,86.3,0.0,0.0,0.0,0.0,0.0
1953-12,49.043902439024386,43.75,303.4306413730802,18.8,80.4,0.0,0.0,0.0,0.0,0.0
1954-01,39.874439461883405,40.25,296.4925586738551,2.1,75.6,0.0,0.0,0.0,0.0,0.0
1954-02,48.19416909620991,48.0,220.5979191175217,-0.6,77.2,0.0,0.0,0.0,0.0,0.0
1954-03,48.19753086419753,48.7,202.24999388827788,9.8,77.8,0.0,0.0,0.0,0.0,0.0
1954-04,58.771732522796356,59.9,108.30044851360367,21.6,81.5,0.0,0.0,0.0,0.0,0.0
1954-05,60.198214285714286,59.95,83.86211149513561,30.0,79.7,0.0,0.0,0.0,0.0,0.0
1954-06,69.53652968036529,70.0,79.47728331448198,47.8,89.5,0.0,0.0,0.0,0.0,0.0
1954-07,73.33670212765956,73.1,77.4859719535782,57.8,90.4,0.0,0.0,0.0,0.0,0.0
1954-08,68.2911111111111,68.5,55.98424875621898,56.5,84.6,0.0,0.0,0.0,0.0,0.0
1954-09,66.67286821705426,65.9,55.18746124031002,46.3,82.3,0.0,0.0,0.0,0.0,0.0
1954-10,58.471698113207545,59.45,87.1290961365678,33.1,78.7,0.0,0.0,0.0,0.0,0.0
1954-11,46.37826086956522,45.05,102.32885024154581,23.6,64.8,0.0,0.0,0.0,0.0,0.0
1954-12,31.42258064516129,31.6,59.640473118279566,12.7,43.6,0.0,0.0,0.0,0.0,0.0
1955-01,39.86335078534031,36.9,287.1871047532666,-5.3,77.6,0.006277372262773722,0.0,0.005120889815780329,0.0,1.14
1955-02,43.56739130434783,43.2,448.4076219859506,-12.0,77.0,0.010340136054421769,0.0,0.003900568446556708,0.0,0.59
1955-03,52.346441947565545,54.2,354.4188876686097,-10.5,79.8,0.0060416666666666665,0.0,0.0025926265270506095,0.0,0.59
1955-04,63.50443548387097,64.85,122.04496000391782,29.8,82.2,0.019662921348314606,0.0,0.030500450707801677,0.0,2.2
1955-05,71.3829411764706,74.6,115.72840549947833,43.3,92.1,0.014838709677419355,0.0,0.005573144505638606,0.0,0.55
1955-06,75.73157894736842,74.9,170.63856662933907,53.3,106.7,0.042,0.0,0.03142379746835443,0.0,1.22
1955-07,80.90609756097561,83.75,78.31662902740133,60.3,93.1,0.037678571428571436,0.0,0.029309058441558435,0.0,1.1
1955-08,78.33870967741936,78.4,50.52011634056047,61.4,91.4,0.024821428571428574,0.0,0.022436331168831168,0.0,1.1
1955-09,65.25166666666667,66.25,168.46694632768344,40.4,86.7,0.09000000000000001,0.0,0.09724528301886792,0.0,1.85
1955-10,56.70952380952381,56.8,83.06829493087555,32.7,77.1,0.055901639344262295,0.0,0.17517792349726777,0.0,3.27
1955-11,47.81224489795919,48.4,257.48234693877566,16.6,78.1,0.007346938775510204,0.0,0.0008448979591836734,0.0,0.16
1955-12,39.006,35.599999999999994,232.1438408163265,14.1,66.1,0.0012765957446808512,0.0,4.1813135985198885e-05,0.0,0.04
1956-01,39.854193548387094,40.2,154.9463946376204,13.8,71.8,0.0,0.0,0.0,0.0,0.0
1956-02,47.50887096774194,49.2,218.8689450563861,14.9,73.4,0.0,0.0,0.0,0.0,0.0
1956-03,51.51532258064516,53.65,232.05008851298197,15.9,75.2,0.0,0.0,0.0,0.0,0.0
1956-04,60.333333333333336,63.5,155.4728291316527,32.3,79.3,0.0,0.0,0.0,0.0,0.0
1956-05,69.71774193548387,73.25,142.34911355887746,39.3,83.2,0.0,0.0,0.0,0.0,0.0
1956-06,77.65486725663717,79.8,69.53678413400753,49.8,88.7,0.0,0.0,0.0,0.0,0.0
1956-07,83.4247311827957,84.7,9.656446937821416,75.5,88.2,0.0,0.0,0.0,0.0,0.0
1956-08,83.26031746031745,85.0,27.173722478238542,70.8,92.3,0.0,0.0,0.0,0.0,0.0
1956-09,71.76333333333334,71.2,44.87964367816095,58.0,80.7,0.0,0.0,0.0,0.0,0.0
1956-10,65.9258064516129,65.9,19.820645161290297,57.7,75.3,0.0,0.0,0.0,0.0,0.0
1956-11,56.130434782608695,55.4,75.62948616600798,32.9,69.4,0.0,0.0,0.0,0.0,0.0
1957-01,47.00096618357488,45.0,309.96116411050133,5.7,78.0,0.0,0.0,0.0,0.0,0.0
1957-02,52.416666666666664,49.8,217.70128828828828,22.8,78.0,0.0,0.0,0.0,0.0,0.0
1957-03,54.929378531073446,53.4,164.27583654340017,22.3,79.8,0.0,0.0,0.0,0.0,0.0
1957-04,66.23625,68.8,165.1684889937106,32.3,81.1,0.0,0.0,0.0,0.0,0.0
1957-05,72.7859649122807,73.7,79.29027244582039,42.4,86.5,0.0,0.0,0.0,0.0,0.0
1957-06,79.31045751633987,80.7,36.803179394564935,55.7,88.2,0.0,0.0,0.0,0.0,0.0
1957-07,81.29701492537313,82.5,45.83332428765278,65.4,91.0,0.0,0.0,0.0,0.0,0.0
1957-08,79.13387096774194,79.65,42.39440772078267,66.1,88.4,0.0,0.0,0.0,0.0,0.0
1957-09,72.765,74.85,80.1511271186439,50.2,85.7,0.0,0.0,0.0,0.0,0.0
1957-10,61.03548387096774,59.849999999999994,125.20724484399776,33.6,77.6,0.0,0.0,0.0,0.0,0.0
1957-11,50.77045454545455,51.15,166.64864164904847,30.9,73.6,0.0,0.0,0.0,0.0,0.0
1957-12,63.25384615384615,63.0,18.892692307692275,56.7,69.8,0.0,0.0,0.0,0.0,0.0
1958-01,44.4449720670391,45.7,147.01799985916148,-0.1,72.4,0.0,0.0,0.0,0.0,0.0
1958-02,43.279204892966355,45.6,244.31563985666293,-3.6,73.1,0.0,0.0,0.0,0.0,0.0
1958-03,49.45873925501432,50.9,117.26869495767878,22.7,69.7,0.0,0.0,0.0,0.0,0.0
1958-04,60.05075528700906,60.9,93.70838579144925,37.7,79.9,0.0,0.0,0.0,0.0,0.0
1958-05,68.90392749244714,71.7,102.33328755836317,39.1,85.0,0.0,0.0,0.0,0.0,0.0
1958-06,75.34489795918367,78.5,77.3181789638934,52.5,89.2,0.0,0.0,0.0,0.0,0.0
1958-07,80.63061224489796,82.3,39.26309756779428,64.8,92.8,0.0,0.0,0.0,0.0,0.0
1958-08,80.57724137931035,82.1,39.216353448275925,58.8,89.6,0.0,0.0,0.0,0.0,0.0
1958-09,73.39791666666666,74.6,84.66862719298246,52.2,89.9,0.0,0.0,0.0,0.0,0.0
1958-10,57.968888888888884,58.0,73.6862828282829,43.5,74.7,0.0,0.0,0.0,0.0,0.0
1958-11,49.8,49.8,,49.8,49.8,0.0,0.0,,0.0,0.0
1959-01,45.00448430493274,42.5,367.54691673736505,-5.5,84.4,0.0,0.0,0.0,0.0,0.0
1959-02,47.46963350785341,44.6,333.15202039129247,8.0,82.1,0.0,0.0,0.0,0.0,0.0
1959-03,56.62684563758389,57.0,242.70481498276777,25.2,81.7,0.0,0.0,0.0,0.0,0.0
1959-04,66.38135593220339,69.45,84.57093147906713,40.5,81.0,0.0,0.0,0.0,0.0,0.0
1959-05,72.05436893203884,71.5,63.381720921378275,49.5,85.2,0.0,0.0,0.0,0.0,0.0
1959-06,73.17849462365592,72.0,117.67518466573179,51.4,94.0,0.0,0.0,0.0,0.0,0.0
1959-07,74.70978260869565,76.6,98.28616698518877,51.6,87.8,0.0,0.0,0.0,0.0,0.0
1959-08,74.63157894736842,77.0,110.66963045912634,55.3,88.4,0.0,0.0,0.0,0.0,0.0
1959-09,73.65108695652174,73.9,87.78911968466325,45.8,88.2,0.0,0.0,0.0,0.0,0.0
1959-10,65.99166666666666,70.55,174.2092253521126,37.5,86.2,0.0,0.0,0.0,0.0,0.0
1959-11,53.635294117647064,50.7,212.00032941176457,28.6,81.8,0.0,0.0,0.0,0.0,0.0
1959-12,48.56111111111111,47.45,242.42758730158727,17.5,69.7,0.0,0.0,0.0,0.0,0.0
1960-01,49.19469026548673,48.1,106.76122155499368,31.2,70.4,0.0,0.0,0.0,0.0,0.0
1960-02,50.28785046728972,51.0,107.55937929818373,30.8,69.6,0.0,0.0,0.0,0.0,0.0
1960-03,54.748275862068965,55.4,256.0760839580211,28.4,85.0,0.0,0.0,0.0,0.0,0.0
1960-04,65.97,69.85,163.1177155963304,40.3,89.9,0.0,0.0,0.0,0.0,0.0
1960-05,71.27456140350877,74.69999999999999,143.80987812451497,48.4,101.9,0.0,0.0,0.0,0.0,0.0
1960-06,81.7,83.5,162.22989473684223,58.7,106.8,0.0,0.0,0.0,0.0,0.0
1960-07,83.1470588235294,73.1,230.0469411764707,66.6,108.9,0.0,0.0,0.0,0.0,0.0
1960-08,82.81111111111112,72.9,225.67685534591217,65.5,106.7,0.0,0.0,0.0,0.0,0.0
1960-09,78.75,72.15,246.499019607843,59.0,104.6,0.0,0.0,0.0,0.0,0.0
1960-10,67.914,63.3,162.2293918367347,47.2,90.0,0.0,0.0,0.0,0.0,0.0
1960-11,52.49375,53.5,33.9152916666667,42.0,61.6,0.0,0.0,0.0,0.0,0.0
1961-01,37.822755741127345,34.0,459.01163590464785,-8.5,78.9,0.0,0.0,0.0,0.0,0.0
1961-02,44.37835820895522,40.650000000000006,376.8356152529128,2.1,79.9,0.0,0.0,0.0,0.0,0.0
1961-03,50.817594654788415,46.0,258.6565424156857,23.0,80.0,0.0,0.0,0.0,0.0,0.0
1961-04,56.2632241813602,53.0,229.31606836628282,25.5,83.8,0.0,0.0,0.0,0.0,0.0
1961-05,66.8080459770115,66.4,129.90224055119432,39.4,85.3,0.0,0.0,0.0,0.0,0.0
1961-06,75.58385093167702,76.65,60.93269789671246,54.2,94.3,0.0,0.0,0.0,0.0,0.0
1961-07,76.9097046413502,76.7,49.18596474290213,59.1,94.7,0.0,0.0,0.0,0.0,0.0
1961-08,76.68428571428572,76.80000000000001,34.763818865345094,62.1,89.2,0.0,0.0,0.0,0.0,0.0
1961-09,67.1395,67.8,140.785818844221,33.1,87.6,0.0,0.0,0.0,0.0,0.0
1961-10,56.54206349206349,55.7,111.95317650793648,32.7,75.1,0.0,0.0,0.0,0.0,0.0
1961-11,38.00333333333334,36.6,99.38234831460674,11.7,58.9,0.0,0.0,0.0,0.0,0.0
1961-12,18.66025641025641,18.4,233.24580253080256,-17.7,45.6,0.0,0.0,0.0,0.0,0.0
1962-01,41.90493827160494,36.5,478.41488229430286,-3.6,90.0,0.0,0.0,0.0,0.0,0.0
1962-02,45.518181818181816,40.900000000000006,399.1031783483691,3.2,91.3,0.0,0.0,0.0,0.0,0.0
1962-03,42.93478260869565,43.2,106.02737604881767,9.8,67.4,0.0,0.0,0.0,0.0,0.0
1962-04,53.950467289719626,51.5,100.14724034561803,34.5,73.3,0.0,0.0,0.0,0.0,0.0
1962-05,69.46228070175438,70.75,64.44644077006677,46.4,82.2,0.0,0.0,0.0,0.0,0.0
1962-06,73.29816513761467,73.7,18.024996602106725,60.3,82.9,0.0,0.0,0.0,0.0,0.0
1962-07,75.44869565217391,75.9,17.221467581998482,63.8,85.5,0.0,0.0,0.0,0.0,0.0
1962-08,76.84615384615384,76.9,7.667287449392719,68.8,81.4,0.0,0.0,0.0,0.0,0.0
1962-09,71.42333333333333,70.8,63.94116091954027,59.3,82.4,0.0,0.0,0.0,0.0,0.0
1962-10,70.32,71.5,14.664571428571437,64.1,76.2,0.0,0.0,0.0,0.0,0.0
1963-01,34.97095435684647,35.0,207.96656950207472,0.0,67.0,0.0,0.0,0.0,0.0,0.0
1963-02,35.42554112554112,35.7,185.8034752493882,2.5,67.2,0.0,0.0,0.0,0.0,0.0
1963-03,50.15056603773585,49.4,173.86697884505412,13.8,76.1,0.0,0.0,0.0,0.0,0.0
1963-04,56.41747967479675,53.55,129.4614483159116,35.2,79.9,0.0,0.0,0.0,0.0,0.0
1963-05,61.32958333333333,58.349999999999994,116.62887011854963,39.9,84.8,0.0,0.0,0.0,0.0,0.0
1963-06,70.51513761467889,70.9,93.89198177821002,50.6,88.4,0.0,0.0,0.0,0.0,0.0
1963-07,76.50939597315435,77.1,41.11531652457821,63.8,88.2,0.0,0.0,0.0,0.0,0.0
1963-08,73.7125,73.0,47.10152097902095,57.8,85.9,0.0,0.0,0.0,0.0,0.0
1963-09,66.45744680851064,65.4,91.62574772036479,48.4,86.0,0.0,0.0,0.0,0.0,0.0
1963-10,59.20769230769231,59.5,39.11416445623344,41.6,72.9,0.0,0.0,0.0,0.0,0.0
1963-11,47.43707865168539,47.5,45.783723186925414,32.3,60.2,0.0,0.0,0.0,0.0,0.0
1963-12,28.60625,28.6,68.63737903225811,13.1,44.8,0.0,0.0,0.0,0.0,0.0
1964-01,37.26374269005848,37.7,208.0762070863433,0.2,66.8,0.0,0.0,0.0,0.0,0.0
1964-02,36.980645161290326,35.4,184.83481776288238,9.6,60.4,0.0,0.0,0.0,0.0,0.0
1964-03,45.296470588235294,46.349999999999994,181.82980995475114,13.8,73.5,0.0,0.0,0.0,0.0,0.0
1964-04,55.71746987951808,53.0,159.61951113545092,26.3,83.8,0.0,0.0,0.0,0.0,0.0
1964-05,63.92261904761905,63.0,124.39960507556299,38.7,85.7,0.0,0.0,0.0,0.0,0.0
1964-06,68.55850340136055,67.4,113.54737582704325,47.6,91.6,0.0,0.0,0.0,0.0,0.0
1964-07,70.49416666666666,71.19999999999999,66.01366316526615,56.8,84.9,0.0,0.0,0.0,0.0,0.0
1964-08,68.65630252100841,66.7,83.67417604329881,49.7,85.6,0.0,0.0,0.0,0.0,0.0
1964-09,64.05258620689655,60.7,96.40129760119953,47.4,85.5,0.0,0.0,0.0,0.0,0.0
1964-10,55.17333333333333,56.2,76.24082051282042,37.0,76.6,0.0,0.0,0.0,0.0,0.0
1964-11,41.9,43.0,111.115,21.4,61.0,0.0,0.0,0.0,0.0,0.0
1964-12,37.276744186046514,37.35,223.01333515731872,-10.2,64.0,0.0,0.0,0.0,0.0,0.0
1965-01,44.30854430379747,45.45,180.34560930279264,9.7,74.2,0.0,0.0,0.0,0.0,0.0
1965-02,43.16050420168067,45.150000000000006,162.5173364535688,4.2,70.1,0.0,0.0,0.0,0.0,0.0
1965-03,45.06701030927835,44.849999999999994,140.12367288072227,16.9,74.7,0.0,0.0,0.0,0.0,0.0
1965-04,59.49145299145299,59.0,109.29854700854696,32.6,77.6,0.0,0.0,0.0,0.0,0.0
1965-05,70.73589743589744,71.7,45.28059681697619,54.6,82.9,0.0,0.0,0.0,0.0,0.0
1965-06,74.46551724137932,75.2,46.55228548516435,54.4,85.5,0.0,0.0,0.0,0.0,0.0
1965-07,77.63164556962025,79.0,23.948344693281417,64.6,87.1,0.0,0.0,0.0,0.0,0.0
1965-08,75.30645161290323,75.8,25.955695399259657,60.4,83.5,0.0,0.0,0.0,0.0,0.0
1965-09,69.655,71.4,56.01404237288138,50.9,79.6,0.0,0.0,0.0,0.0,0.0
1965-10,57.022448979591836,56.4,49.77594387755101,43.0,72.4,0.0,0.0,0.0,0.0,0.0
1965-11,54.06333333333334,54.55,67.48447126436783,31.6,69.3,0.0,0.0,0.0,0.0,0.0
1965-12,44.89032258064516,43.1,67.74556989247311,32.1,62.9,0.0,0.0,0.0,0.0,0.0
1966-01,37.78231292517007,38.9,108.23954803839352,3.9,58.9,0.0,0.0,0.0,0.0,0.0
1966-02,39.48984375,42.099999999999994,111.42784879429128,9.1,60.7,0.0,0.0,0.0,0.0,0.0
1966-03,50.44492753623188,48.150000000000006,151.7122733523749,19.0,74.8,0.0,0.0,0.0,0.0,0.0
1966-04,56.450450450450454,54.5,180.22470434070425,20.3,79.0,0.0,0.0,0.0,0.0,0.0
1966-05,61.345238095238095,56.8,210.07045897877236,32.5,87.9,0.0,0.0,0.0,0.0,0.0
1966-06,66.72682926829269,64.0,224.91334537789828,48.8,96.9,0.0,0.0,0.0,0.0,0.0
1966-07,70.32830188679246,55.5,362.8032220609581,53.1,100.6,0.0,0.0,0.0,0.0,0.0
1966-08,93.16521739130435,93.2,16.641462450592883,84.3,99.3,0.0,0.0,0.0,0.0,0.0
1966-09,85.28,86.15,42.66905263157892,71.9,93.6,0.0,0.0,0.0,0.0,0.0
1967-01,67.20476190476191,67.7,48.23747619047618,51.7,77.9,0.0,0.0,0.0,0.0,0.0
1967-02,65.125,67.15,35.95671052631581,52.5,72.9,0.0,0.0,0.0,0.0,0.0
1967-03,68.82941176470588,71.1,141.21470588235303,25.1,77.3,0.0,0.0,0.0,0.0,0.0
1967-04,77.35,77.5,11.357142857142836,73.2,81.3,0.0,0.0,0.0,0.0,0.0
1967-05,77.37777777777778,77.5,4.034444444444437,74.4,80.0,0.0,0.0,0.0,0.0,0.0
1967-06,70.52857142857142,77.5,212.0990476190476,48.5,81.5,0.0,0.0,0.0,0.0,0.0
1968-01,33.40113636363637,33.5,417.3942437192437,-18.9,69.5,0.0,0.0,0.0,0.0,0.0
1968-02,35.83719512195122,35.9,331.0373278884167,-10.4,70.2,0.0,0.0,0.0,0.0,0.0
1968-03,46.05425219941349,47.8,196.24448921856117,7.8,72.3,0.0,0.0,0.0,0.0,0.0
1968-04,54.343859649122805,54.9,115.4953582900915,16.9,75.6,0.0,0.0,0.0,0.0,0.0
1968-05,59.792957746478876,59.4,93.89585129149455,35.7,84.4,0.0,0.0,0.0,0.0,0.0
1968-06,69.24392156862746,69.5,81.80672471823378,47.9,87.2,0.0,0.0,0.0,0.0,0.0
1968-07,75.14196891191709,76.5,67.09703151986172,52.7,90.0,0.0,0.0,0.0,0.0,0.0
1968-08,73.62443181818182,74.5,86.91111396103904,51.3,89.3,0.0,0.0,0.0,0.0,0.0
1968-09,65.3125,65.5,60.78933823529403,43.4,86.0,0.0,0.0,0.0,0.0,0.0
1968-10,57.62795698924731,61.7,125.30464469378204,32.5,77.8,0.0,0.0,0.0,0.0,0.0
1968-11,45.907777777777774,45.3,200.86095006242203,18.4,70.1,0.0,0.0,0.0,0.0,0.0
1968-12,44.092063492063495,46.5,126.03880696364571,16.0,59.2,0.0,0.0,0.0,0.0,0.0
1969-01,42.67423312883435,44.7,235.9236417177915,2.6,72.9,0.0,0.0,0.0,0.0,0.0
1969-02,43.33809523809524,42.849999999999994,139.20579396698918,19.7,67.8,0.0,0.0,0.0,0.0,0.0
1969-03,45.50573476702509,47.2,128.29788066321134,17.1,69.4,0.0,0.0,0.0,0.0,0.0
1969-04,57.537795275590554,56.849999999999994,69.59445519902893,30.6,75.3,0.0,0.0,0.0,0.0,0.0
1969-05,64.29244604316547,64.05,69.21651312884693,45.2,80.6,0.0,0.0,0.0,0.0,0.0
1969-06,69.48557692307692,68.95,71.34365570419935,51.9,87.4,0.0,0.0,0.0,0.0,0.0
1969-07,74.74685990338165,76.9,59.92522067445233,55.0,86.5,0.0,0.0,0.0,0.0,0.0
1969-08,75.32142857142857,75.3,33.53705714285702,64.9,87.8,0.0,0.0,0.0,0.0,0.0
1969-09,69.2025,67.75,41.22411134453785,56.2,82.1,0.0,0.0,0.0,0.0,0.0
1969-10,61.7984,61.8,85.80290064516124,36.9,81.6,0.0,0.0,0.0,0.0,0.0
1969-11,60.218333333333334,61.7,64.5574548022599,40.9,74.4,0.0,0.0,0.0,0.0,0.0
1969-12,54.31276595744681,53.5,51.220268270120265,34.7,68.2,0.0,0.0,0.0,0.0,0.0
1970-01,35.10915254237288,37.2,253.97974587801235,-7.9,71.4,0.0,0.0,0.0,0.0,0.0
1970-02,43.756147540983605,45.45,172.99169044727793,1.0,73.6,0.0,0.0,0.0,0.0,0.0
1970-03,48.774275362318846,47.8,154.74737220026358,24.0,74.9,0.0,0.0,0.0,0.0,0.0
1970-04,59.65555555555556,60.4,139.7276801801802,34.0,83.9,0.0,0.0,0.0,0.0,0.0
1970-05,68.30950570342206,71.1,129.3581917394713,43.0,98.0,0.0,0.0,0.0,0.0,0.0
1970-06,76.93849372384938,78.5,106.78431032664098,51.5,105.5,0.0,0.0,0.0,0.0,0.0
1970-07,82.73192488262912,82.6,71.09397599433093,64.2,105.1,0.0,0.0,0.0,0.0,0.0
1970-08,83.44734299516908,82.5,45.61609727498715,69.6,102.2,0.0,0.0,0.0,0.0,0.0
1970-09,76.49455445544554,78.19999999999999,86.94260701443278,51.7,99.5,0.0,0.0,0.0,0.0,0.0
1970-10,64.25046296296297,64.4,94.23758118001726,36.0,83.8,0.0,0.0,0.0,0.0,0.0
1970-11,52.31111111111111,52.1,124.06915204678374,16.8,74.6,0.0,0.0,0.0,0.0,0.0
1970-12,48.97985074626866,49.75,140.75665862417245,18.2,72.9,0.0,0.0,0.0,0.0,0.0
1971-01,41.115363128491616,44.0,205.42135995180192,2.5,84.3,0.0,0.0,0.0,0.0,0.0
1971-02,43.45197132616487,43.6,149.7802748768726,8.3,75.3,0.0,0.0,0.0,0.0,0.0
1971-03,49.10096463022508,51.3,134.3646119697128,16.1,75.1,0.0,0.0,0.0,0.0,0.0
1971-04,56.28338557993731,57.6,91.2335281244455,35.5,78.0,0.0,0.0,0.0,0.0,0.0
1971-05,64.69493243243244,64.8,63.44631321575815,41.4,84.9,0.0,0.0,0.0,0.0,0.0
1971-06,72.31555555555556,73.5,72.62094671623302,49.6,89.6,0.0,0.0,0.0,0.0,0.0
1971-07,76.33741007194244,76.55,42.33115861101714,52.1,88.1,0.0,0.0,0.0,0.0,0.0
1971-08,76.79177215189874,77.25,27.288021043296002,53.9,89.2,0.0,0.0,0.0,0.0,0.0
1971-09,69.13666666666667,72.75,119.3157606263981,39.9,85.3,0.0,0.0,0.0,0.0,0.0
1971-10,58.54516129032258,60.5,132.9356095517385,21.6,77.2,0.0,0.0,0.0,0.0,0.0
1971-11,47.92066666666667,47.25,87.65963713646534,25.0,73.2,0.0,0.0,0.0,0.0,0.0
1971-12,41.829032258064515,40.6,154.90285295349813,10.9,75.0,0.0,0.0,0.0,0.0,0.0
1972-01,33.85727229375298,35.5,386.96709984381715,-35.0,78.0,0.0,0.0,0.0,0.0,0.0
1972-02,35.654460990199816,36.1,298.5900593358317,-19.2,78.1,0.0,0.0,0.0,0.0,0.0
1972-03,45.04350424285885,45.1,238.65309400616778,-12.3,82.5,0.0,0.0,0.0,0.0,0.0
1972-04,52.29777144979571,51.3,173.08951459708962,12.1,84.0,0.0,0.0,0.0,0.0,0.0
1972-05,62.68316570881226,63.3,93.68504527585442,32.3,92.0,0.0,0.0,0.0,0.0,0.0
1972-06,69.00495970241785,68.9,79.59236131099999,38.4,102.4,0.0,0.0,0.0,0.0,0.0
1972-07,73.51531238714337,74.0,73.14579487892539,42.3,106.8,0.0,0.0,0.0,0.0,0.0
1972-08,72.88979224210401,73.4,63.76689795106642,46.5,106.6,0.0,0.0,0.0,0.0,0.0
1972-09,66.32929180571006,66.8,112.38688972089555,27.7,98.0,0.0,0.0,0.0,0.0,0.0
1972-10,54.210079098753596,54.0,156.47127200620722,6.7,86.2,0.0,0.0,0.0,0.0,0.0
1972-11,43.26710672424429,42.1,162.0824568919901,1.6,82.0,0.0,0.0,0.0,0.0,0.0
1972-12,34.59937023131888,35.8,336.5020756692328,-28.9,80.4,0.0,0.0,0.0,0.0,0.0
1973-01,45.101142857142854,45.0,260.2259756978654,11.8,82.7,0.07189873417721519,0.0,0.050190002418769655,0.0,1.61
1973-02,51.23879781420766,54.0,258.1249150303248,14.0,86.4,0.11092592592592591,0.0,0.1110569013112491,0.0,1.81
1973-03,56.6843137254902,56.8,80.22291021671819,34.8,75.2,0.2103053435114504,0.0,0.2750722137404581,0.0,3.15
1973-04,58.834722222222226,60.95,110.77528943278944,31.1,80.1,0.1830534351145038,0.0,0.3288921432765709,0.0,4.33
1973-05,68.64285714285714,67.2,88.44034632034642,46.4,87.5,0.13913385826771651,0.0,0.2764857517810273,0.0,5.51
1973-06,75.89772727272727,76.44999999999999,38.93884535005225,63.0,86.2,0.12921052631578947,0.0,0.14685803508771927,0.0,2.01
1973-07,76.69402985074628,77.6,38.83663048394386,65.6,86.7,0.03919354838709678,0.0,0.014525568482284503,0.0,0.71
1973-08,74.40487804878049,73.4,27.165975609756153,66.7,85.0,0.0,0.0,0.0,0.0,0.0
1973-09,74.41891891891892,75.3,47.98990990990989,64.4,84.3,0.0,0.0,0.0,0.0,0.0
1973-10,69.845,68.25,38.556897435897326,58.0,81.8,0.0,0.0,0.0,0.0,0.0
1973-11,64.14358974358974,63.5,27.65620782726045,54.0,78.6,0.0,0.0,0.0,0.0,0.0
1973-12,56.24848484848485,57.0,81.97382575757568,34.0,70.3,0.0,0.0,0.0,0.0,0.0
1974-01,44.86679245283019,51.0,561.8659385363068,-17.6,74.6,0.045933014354066985,0.0,0.038111745491350775,0.0,1.97
1974-02,45.10084745762712,47.6,308.8142971510999,-1.9,73.7,0.045314009661835755,0.0,0.05129395431733971,0.0,2.05
1974-03,55.068503937007875,60.3,319.04935980828486,8.0,85.8,0.043744292237442924,0.0,0.03647765908424448,0.0,2.17
1974-04,57.905309734513274,61.650000000000006,260.5712605703048,6.5,85.4,0.042408376963350786,0.0,0.0445236428768256,0.0,2.52
1974-05,68.52634408602151,71.55,189.7109238593433,35.6,97.0,0.021895424836601306,0.0,0.010000988992088062,0.0,1.02
1974-06,73.18372093023257,75.1,169.09246729651156,32.5,98.0,0.03734693877551021,0.0,0.017898043341047755,0.0,0.94
1974-07,82.70892857142857,81.95,27.728928571428586,70.2,100.0,0.013580246913580249,0.0,0.003003271604938272,0.0,0.31
1974-08,77.29622641509434,78.85,38.96760467205744,58.9,91.0,0.05415584415584415,0.0,0.03488250170881749,0.0,1.14
1974-09,66.99450549450549,66.8,83.42563614163613,47.5,84.6,0.05183333333333333,0.0,0.08996098870056493,0.0,2.28
1974-10,62.96373626373626,62.6,83.84344810744815,41.6,79.7,0.04380281690140845,0.0,0.02516676056338028,0.0,0.91
1974-11,47.287323943661974,47.3,101.35597987927562,25.6,69.9,0.02480769230769231,0.0,0.005825452488687784,0.0,0.35
1974-12,36.45967741935484,36.5,95.71818350079327,16.9,62.8,0.027499999999999997,0.0,0.007732051282051283,0.0,0.47
1975-01,46.92208588957055,49.8,573.6776030202931,-7.7,85.7,0.008345070422535211,0.0,0.0018173928731398995,0.0,0.43
1975-02,47.55384615384615,49.55,559.378763294583,-16.4,89.7,0.010112359550561799,0.0,0.0035101377038100866,0.0,0.67
1975-03,50.44761904761905,52.05,420.95617341862135,-6.3,81.4,0.03909395973154363,0.0,0.17734564097349326,0.0,7.2
1975-04,57.77572254335261,57.3,292.1581335343888,11.1,88.1,0.013914473684210527,0.0,0.006247002562098321,0.0,0.91
1975-05,67.52682926829269,65.05,151.8268620869697,36.7,88.9,0.014839857651245552,0.0,0.004093634977122527,0.0,0.59
1975-06,71.40892307692309,73.3,125.41859297246,43.3,93.4,0.03530035335689046,0.0,0.029514359822569742,0.0,1.65
1975-07,73.61035714285715,75.0,86.20645148489476,47.1,96.2,0.014739130434782609,0.0,0.007346438200113915,0.0,1.06
1975-08,71.70338164251208,73.4,116.81702734393345,46.4,89.1,0.01005952380952381,0.0,0.0019993976333048174,0.0,0.39
1975-09,69.14308510638298,69.44999999999999,115.72449738309254,43.9,86.4,0.006736111111111112,0.0,0.0017144473581973587,0.0,0.39
1975-10,69.25286624203822,71.5,78.84789237301945,43.2,82.8,0.0,0.0,0.0,0.0,0.0
1975-11,67.47867647058824,69.5,100.02717156862747,45.8,89.8,0.0,0.0,0.0,0.0,0.0
1975-12,63.71764705882353,65.1,127.11553812636156,33.2,92.8,0.0,0.0,0.0,0.0,0.0
1976-01,34.08583333333333,32.8,267.4312531783871,-19.5,73.9,0.04703753351206435,0.0,0.050214970401425,0.0,2.83
1976-02,39.12228047182175,37.5,172.26257379524844,-7.6,75.7,0.059015624999999995,0.0,0.07414879474765255,0.0,4.02
1976-03,41.875901328273244,40.3,258.84114818796354,-10.9,77.0,0.0302803738317757,0.0,0.022851911838735802,0.0,1.57
1976-04,49.71203501094092,48.1,130.14071010403492,24.0,77.4,0.013756613756613757,0.0,0.00537258782086368,0.0,0.67
1976-05,59.50305882352941,57.6,89.3194009988901,34.9,80.3,0.054146341463414634,0.0,0.10372216330858959,0.0,5.0
1976-06,64.1086387434555,63.25,81.85317976941357,44.3,89.3,0.04836676217765043,0.0,0.05412807199552084,0.0,2.8
1976-07,69.61752021563342,69.4,70.40625977999555,51.0,84.3,0.026006493506493505,0.0,0.027540026016328958,0.0,2.24
1976-08,65.72857142857143,63.3,62.87063890882995,49.0,83.6,0.04498507462686567,0.0,0.06753944588435075,0.0,2.76
1976-09,63.62486486486487,61.3,68.18929876217685,48.4,82.9,0.041746031746031746,0.0,0.04523356586796078,0.0,2.64
1976-10,55.25794117647059,52.75,124.2689338018393,33.1,82.3,0.022607260726072605,0.0,0.030307418092802657,0.0,2.09
1976-11,46.243853820598005,44.5,148.33807043189373,9.5,78.7,0.019999999999999997,0.0,0.03278534798534799,0.0,2.28
1976-12,31.956170212765958,31.0,75.67178868885254,15.0,52.3,0.0,0.0,0.0,0.0,0.0
1977-01,23.5460396039604,25.2,266.5243956960745,-21.8,70.4,0.028858267716535435,0.0,0.012362032447980786,0.0,1.57
1977-02,35.00252454417952,35.6,196.87075204469156,-11.2,72.5,0.033288490284005975,0.0,0.06184126545116048,0.0,3.58
1977-03,42.653887884267625,42.0,168.06991692218983,2.6,74.3,0.027201565557729943,0.0,0.026320976938720684,0.0,1.81
1977-04,52.75970149253731,54.9,180.80347300044622,1.3,77.8,0.03985815602836879,0.0,0.1387349709635561,0.0,6.46
1977-05,60.50283159463488,61.8,144.6343054029406,29.8,86.3,0.02754746835443038,0.0,0.028162438313707346,0.0,2.83
1977-06,66.29315707620529,71.0,280.2788939114258,6.8,94.5,0.025123239436619718,0.0,0.014859949511886131,0.0,1.46
1977-07,72.26816,74.5,133.3548980512819,25.9,95.5,0.019372822299651565,0.0,0.013150391301968356,0.0,1.38
1977-08,68.57290322580644,67.2,155.2427585342943,22.6,90.5,0.018866396761133605,0.0,0.01182635199631348,0.0,1.42
1977-09,60.27236842105263,57.4,126.86068687688396,26.1,89.0,0.005892857142857142,0.0,0.0013740483319076135,0.0,0.31
1977-10,51.01077586206897,48.650000000000006,93.06468857292121,34.9,87.5,0.000335195530726257,0.0,9.999372293013617e-06,0.0,0.04
1977-11,42.20163043478261,43.3,187.5169918626752,-5.4,73.7,0.012962962962962963,0.0,0.005043394140409073,0.0,0.67
1977-12,31.792473118279567,32.7,132.3528775128565,1.4,60.0,0.006721311475409836,0.0,0.0009157377049180328,0.0,0.2
1978-01,38.084653465346534,38.849999999999994,227.88309664548544,-9.3,69.8,0.06252688172043011,0.0,0.05947412089508867,0.0,1.85
1978-02,38.72195121951219,40.4,194.34681970349115,-7.6,63.1,0.04617801047120419,0.0,0.02863952604023148,0.0,1.14
1978-03,48.98715083798883,50.5,191.5309013872325,1.9,74.7,0.028045977011494253,0.0,0.017655119261178652,0.0,1.06
1978-04,60.55227272727272,61.95,100.13075815405952,38.5,78.7,0.02767441860465116,0.0,0.03738048691860463,0.0,1.77
1978-05,64.6736,67.0,99.35421677419357,40.1,81.4,0.035083333333333334,0.0,0.02448234593837534,0.0,1.22
1978-06,76.07010309278351,76.9,58.871909364261086,56.5,89.8,0.050322580645161284,0.0,0.03390098176718094,0.0,1.06
1978-07,80.95393258426967,81.0,20.313194586312548,69.5,93.3,0.06139240506329115,0.0,0.044263420967218435,0.0,1.1
1978-08,78.7126984126984,79.7,14.509513568868384,69.0,85.1,0.1063157894736842,0.0,0.058048684210526315,0.0,1.1
1978-09,70.475,72.05000000000001,42.104516129032305,55.0,83.4,0.011935483870967743,0.0,0.002016129032258064,0.0,0.24
1978-10,62.3735294117647,64.19999999999999,60.13897504456339,44.9,71.5,0.03529411764705882,0.0,0.01814081996434938,0.0,0.75
1978-11,52.07419354838709,53.0,36.735978494623666,38.9,66.4,0.3306896551724138,0.0,1.2021280788177335,0.0,5.12
1978-12,40.193548387096776,41.1,67.03862365591395,19.4,55.0,0.012068965517241381,0.0,0.0012598522167487688,0.0,0.17
1979-01,35.9551724137931,37.3,121.82273456295111,5.3,58.7,0.0,0.0,0.0,0.0,0.0
1979-02,36.08205128205128,42.400000000000006,208.47369963369962,1.7,50.3,0.0,0.0,0.0,0.0,0.0
1979-03,45.38493150684931,47.6,53.90768645357687,19.7,54.6,0.0,0.0,0.0,0.0,0.0
1979-04,48.92794117647059,49.650000000000006,32.97010316066728,32.8,61.1,0.0,0.0,0.0,0.0,0.0
1979-05,54.386842105263156,53.4,34.83689122807023,43.9,70.8,0.0,0.0,0.0,0.0,0.0
1979-06,57.82571428571429,57.95,27.66135817805385,48.4,72.6,0.0,0.0,0.0,0.0,0.0
1979-07,60.6955223880597,60.3,27.546494798733615,52.9,77.3,0.0,0.0,0.0,0.0,0.0
1979-08,61.5728813559322,62.2,16.3816656925774,52.7,70.1,0.0,0.0,0.0,0.0,0.0
1979-09,61.89848484848485,61.5,15.425997668997672,54.9,72.3,0.0,0.0,0.0,0.0,0.0
1979-10,54.72692307692308,54.900000000000006,13.892446153846159,40.4,60.4,0.0,0.0,0.0,0.0,0.0
1979-11,51.709090909090904,52.9,16.71090909090909,44.4,56.2,0.0,0.0,0.0,0.0,0.0
1979-12,51.26190476190476,51.7,7.860476190476196,45.4,55.1,0.0,0.0,0.0,0.0,0.0
1980-01,35.758011049723756,37.8,185.94011602209932,0.8,62.7,0.060375,0.0,0.03726526729559749,0.0,1.3
1980-02,39.93926380368099,41.9,212.79536241763245,-2.6,66.6,0.02355263157894737,0.0,0.007095904496340187,0.0,0.75
1980-03,45.49770114942529,47.45,144.12115075410276,9.5,69.9,0.04027027027027027,0.0,0.027156389042103334,0.0,1.34
1980-04,53.09,54.1,161.67777653631273,24.7,79.8,0.028013698630136984,0.0,0.009930510155880968,0.0,0.71
1980-05,62.245999999999995,63.2,132.55484966442955,36.1,84.1,0.03749999999999999,0.0,0.048423473282442744,0.0,2.01
1980-06,70.09386503067485,71.4,174.5523078088314,43.3,101.0,0.0051333333333333335,0.0,0.0009728008948545866,0.0,0.28
1980-07,78.34487179487179,78.4,124.60119933829607,53.1,101.0,0.005971223021582733,0.0,0.0037213324992180163,0.0,0.71
1980-08,75.73233082706767,75.9,83.87871952608776,56.6,93.3,0.008492063492063492,0.0,0.002904107936507937,0.0,0.51
1980-09,66.28750000000001,67.4,115.29036842105252,40.0,86.4,0.0004761904761904762,0.0,1.9047619047619053e-05,0.0,0.04
1980-10,53.18681318681319,53.5,161.46049084249063,30.3,80.4,0.0,0.0,0.0,0.0,0.0
1980-11,46.77307692307692,45.55,137.9110256410256,26.4,76.7,0.0,0.0,0.0,0.0,0.0
1980-12,31.050819672131148,34.9,171.1765409836066,-8.9,47.9,0.0,0.0,0.0,0.0,0.0
1981-01,37.78024691358024,39.3,108.59650180200909,6.6,66.0,0.010326797385620916,0.0,0.0020189714482284128,0.0,0.3
1981-02,41.538364779874215,43.1,196.09491123318202,-1.7,70.4,0.003821656050955414,0.0,0.0005686346562142738,0.0,0.24
1981-03,48.07795698924731,48.150000000000006,113.21480877651845,8.1,74.7,0.007921348314606742,0.0,0.002399609598171777,0.0,0.43
1981-04,60.51657458563536,62.6,135.42916820135048,8.1,79.2,0.0072881355932203394,0.0,0.005536922187981511,0.0,0.98
1981-05,66.24684684684685,68.0,99.61651269451261,36.9,83.9,0.0031132075471698114,0.0,0.0009073584905660378,0.0,0.31
1981-06,75.73670886075949,78.6,134.27414800389505,45.6,91.5,0.001232876712328767,0.0,4.429223744292236e-05,0.0,0.04
1981-07,75.97721518987342,80.1,106.33511522233034,48.7,87.9,0.019358974358974358,0.0,0.007735947385947386,0.0,0.71
1981-08,74.73009708737864,75.6,49.415261755187515,57.4,88.8,0.022475247524752474,0.0,0.009090811881188118,0.0,0.83
1981-09,67.33650793650793,70.6,92.69848438300066,37.4,80.8,0.015483870967741935,0.0,0.0050218931782125865,0.0,0.43
1981-10,59.51219512195122,61.0,108.11809756097568,27.8,80.9,0.03425,0.0,0.015081474358974356,0.0,0.71
1981-11,47.88125,47.65,19.18295833333335,43.0,57.4,0.0,0.0,0.0,0.0,0.0
1982-01,48.15217391304348,46.3,202.36169960474308,15.8,79.5,0.0,0.0,0.0,0.0,0.0
1982-02,55.379999999999995,58.1,93.3216842105263,35.7,70.1,0.0,0.0,0.0,0.0,0.0
1982-03,49.34444444444444,51.3,116.06333333333338,27.1,73.8,0.0,0.0,0.0,0.0,0.0
1982-04,48.184615384615384,44.0,199.2580769230769,25.4,72.4,0.0,0.0,0.0,0.0,0.0
1982-05,67.95,71.80000000000001,120.63000000000011,51.8,76.4,0.0,0.0,0.0,0.0,0.0
1982-06,81.5,81.5,5.119999999999964,79.9,83.1,0.0,0.0,0.0,0.0,0.0
1982-09,87.7,87.7,,87.7,87.7,0.0,0.0,,0.0,0.0
1982-10,75.8,75.8,,75.8,75.8,0.0,0.0,,0.0,0.0
1982-11,75.9,75.9,,75.9,75.9,0.0,0.0,,0.0,0.0
1983-01,47.09021739130435,49.95,172.63055849802367,10.3,67.8,0.012156133828996283,0.0,0.006398318814847695,0.0,0.83
1983-02,49.91063829787234,53.7,148.01180941989463,14.2,65.9,0.01365217391304348,0.0,0.009381363204860459,0.0,1.1
1983-03,54.681640625,57.8,127.20950474877445,22.1,74.6,0.04094117647058823,0.0,0.10249281148679949,0.0,3.9
1983-04,55.83376068376069,62.05,262.60602270643045,2.9,74.1,0.01482905982905983,0.0,0.028170142327867662,0.0,2.52
1983-05,66.99823008849557,71.25,141.09155240904602,23.6,83.0,0.00460093896713615,0.0,0.0016079767915670134,0.0,0.51
1983-06,71.70166666666667,74.25,65.59697198879562,53.1,87.0,0.04525,0.0,0.04849741596638656,0.0,2.09
1983-07,75.06666666666668,75.1,42.45990196078431,58.7,89.9,0.02449275362318841,0.0,0.007825106564364873,0.0,0.55
1983-08,75.60972222222222,74.4,48.23103090766834,64.3,91.0,0.007183098591549296,0.0,0.0015719517102615694,0.0,0.31
1983-09,66.50246913580247,66.9,174.10374382716037,36.0,89.4,0.02425,0.0,0.0150576582278481,0.0,0.91
1983-10,53.60121951219512,50.8,73.71049232158991,41.5,72.1,0.007804878048780488,0.0,0.0010790725685034626,0.0,0.25
1983-11,45.471538461538465,46.5,195.03740071556348,9.1,72.4,0.008157894736842105,0.0,0.0008576385654401488,0.0,0.16
1983-12,27.673076923076923,30.35,419.8912850327965,-30.8,70.1,0.0051428571428571435,0.0,0.0004925274725274726,0.0,0.2
1984-01,38.26271186440678,36.2,406.50189714946066,-4.4,80.2,0.03807453416149068,0.0,0.04519189440993789,0.0,2.48
1984-02,45.11030303030303,43.4,353.53312490761255,5.9,77.9,0.061474358974358975,0.0,0.07054039288668319,0.0,2.8
1984-03,47.5339393939394,46.8,312.6329874353286,12.4,78.7,0.09968354430379747,0.0,0.2641941667338549,0.0,5.2
1984-04,55.830232558139535,57.7,131.34603197674411,34.4,80.9,0.07082644628099173,0.0,0.10492931129476588,0.0,2.91
1984-05,60.57863247863248,58.8,104.80790156203949,39.9,85.1,0.06495726495726495,0.0,0.031573489537282645,0.0,1.02
1984-06,67.35047619047619,68.9,127.75694688644704,43.9,92.1,0.019615384615384614,0.0,0.007949365197908892,0.0,0.55
1984-07,65.58064516129032,68.7,130.1270126227207,42.5,87.1,0.05354430379746835,0.0,0.02931035378123984,0.0,0.94
1984-08,72.55873015873016,73.1,28.03472094214024,60.9,80.9,0.047619047619047616,0.0,0.018347465437788018,0.0,0.75
1984-09,67.1012987012987,66.3,167.47618250170882,40.1,104.9,0.007333333333333334,0.0,0.0011792792792792795,0.0,0.28
1984-10,63.09428571428572,61.8,59.32231932773108,53.3,82.4,0.037714285714285714,0.0,0.010229915966386555,0.0,0.51
1984-11,54.66792452830189,55.4,249.54991291727117,30.0,76.1,0.07981132075471699,0.0,0.10860573294629902,0.0,2.2
1984-12,40.63636363636363,38.4,130.92863636363631,26.6,75.7,0.026060606060606062,0.0,0.003437121212121213,0.0,0.3
1985-01,31.582255083179298,29.7,271.52131416444155,-22.3,82.7,0.020100603621730384,0.0,0.004611885019796195,0.0,0.55
1985-02,37.15972222222222,38.5,260.17604843163247,-13.5,75.0,0.028749999999999998,0.0,0.012486116910229654,0.0,1.42
1985-03,46.1572202166065,46.9,113.5198844830625,14.5,78.3,0.047142857142857146,0.0,0.029167011995637968,0.0,1.3
1985-04,54.733398821218074,52.3,126.48699255913232,25.3,83.2,0.033934426229508194,0.0,0.028605433062914448,0.0,1.89
1985-05,64.29230769230769,63.8,76.88555237315886,41.0,87.8,0.08225146198830409,0.0,0.06362981341427872,0.0,1.85
1985-06,67.99064039408867,67.5,102.72738721162744,41.4,95.0,0.013164556962025316,0.0,0.00441412561477062,0.0,0.59
1985-07,74.69,73.15,49.856566137566055,61.3,95.2,0.003243243243243243,0.0,0.0007036955322669608,0.0,0.31
1985-08,72.22435233160621,71.7,50.88424762521584,54.2,93.7,0.00025806451612903227,0.0,1.032258064516129e-05,0.0,0.04
1985-09,62.80365853658536,62.650000000000006,119.06894358820887,27.8,85.4,0.0037931034482758625,0.0,0.0006834291187739466,0.0,0.24
1985-10,56.54725274725275,56.45,142.15852832250613,25.8,82.7,0.0032885906040268456,0.0,0.0004816796662434247,0.0,0.2
1985-11,44.76413793103448,44.4,280.3199549808428,8.0,81.0,0.0073737373737373735,0.0,0.0006889507318078747,0.0,0.12
1985-12,25.54,26.8,121.5158064516128,-6.0,55.5,0.021374999999999998,0.0,0.013601882911392407,0.0,0.91
1986-01,30.516666666666666,31.45,129.96281690140844,2.6,57.0,0.025211267605633803,0.0,0.009576740442655935,0.0,0.67
1986-02,33.550632911392405,34.2,179.66996754300553,7.9,62.9,0.03013333333333333,0.0,0.007444576576576575,0.0,0.47
1986-03,44.97113402061856,45.2,171.48019974226804,7.2,70.3,0.025425531914893617,0.0,0.020106806222832303,0.0,1.26
1986-04,53.94516129032258,53.6,118.68070810385517,30.5,76.2,0.009406779661016948,0.0,0.002395371577574968,0.0,0.35
1986-05,58.59423076923077,58.4,85.92171396564596,33.3,81.7,0.024059405940594056,0.0,0.016144356435643565,0.0,1.18
1986-06,65.09634146341463,64.69999999999999,71.25591237579047,49.6,88.6,0.025733333333333334,0.0,0.011708576576576573,0.0,0.75
1986-07,69.68783783783783,69.85,38.203548685671976,58.3,88.5,0.059,0.0,0.031038115942028988,0.0,0.98
1986-08,66.70933333333333,67.2,18.762749549549547,57.7,76.4,0.03162162162162162,0.0,0.018556238430211026,0.0,0.87
1986-09,60.27407407407408,58.9,40.60122507122508,48.9,75.5,0.0,0.0,0.0,0.0,0.0
1986-10,50.39473684210526,48.9,33.224970760233916,42.9,63.7,0.0,0.0,0.0,0.0,0.0
1986-11,39.46785714285714,40.75,65.60003968253966,19.3,52.3,0.0,0.0,0.0,0.0,0.0
1986-12,30.700000000000003,30.9,57.52470588235293,13.5,44.1,0.0,0.0,0.0,0.0,0.0
1987-01,37.31890243902439,35.2,265.87540737692666,7.5,71.1,0.12496240601503761,0.0,0.17289185463659146,0.0,1.81
1987-02,38.56,36.1,279.66677419354846,10.0,70.6,0.13067226890756303,0.0,0.1410724255804017,0.0,1.89
1987-03,48.771856287425145,49.7,272.1876971358489,12.6,73.4,0.05539473684210526,0.0,0.06785149878006277,0.0,1.81
1987-04,59.4092715231788,54.5,171.32271346578364,37.5,86.8,0.0,0.0,0.0,0.0,0.0
1987-05,72.35853658536585,76.0,148.87183980728685,45.8,92.6,0.0014634146341463415,0.0,0.00017560975609756102,0.0,0.12
1987-06,76.42051282051283,80.7,256.9180153180157,49.7,96.8,0.0,0.0,0.0,0.0,0.0
1987-07,83.64382022471911,83.8,67.44067160367722,66.4,98.1,0.0,0.0,0.0,0.0,0.0
1987-08,83.34021739130435,85.0,87.6246285236503,63.7,98.8,0.003370786516853933,0.0,0.0005021450459652713,0.0,0.16
1987-09,77.35617977528089,82.9,162.48430796731364,27.2,99.7,0.000975609756097561,0.0,7.80487804878049e-05,0.0,0.08
1987-10,66.58831168831169,69.3,176.3405194805191,45.1,89.7,0.0068000000000000005,0.0,0.0027058378378378377,0.0,0.45
1987-11,56.424528301886795,59.2,144.0784252539913,22.6,71.3,0.001875,0.0,0.00013470744680851062,0.0,0.08
1987-12,48.43962264150944,48.8,91.81166908563127,20.6,64.2,0.010816326530612246,0.0,0.005307653061224492,0.0,0.51
1988-01,38.25735294117647,40.1,213.8577923824396,0.9,65.9,0.02754098360655738,0.0,0.029748867558239852,0.0,1.81
1988-02,42.60900621118012,44.75,226.8154638068149,1.3,71.3,0.029963636363636366,0.0,0.05050255341738558,0.0,3.43
1988-03,49.897590361445786,52.6,218.62881592836615,0.3,79.5,0.0672063492063492,0.0,0.0759545910423618,0.0,2.19
1988-04,54.50984126984127,57.6,225.0549665352341,4.1,78.6,0.05275618374558304,0.0,0.04558315665488809,0.0,1.98
1988-05,57.678978978978975,62.4,329.17738811100253,7.9,89.6,0.07130573248407643,0.0,0.07490787428013272,0.0,1.94
1988-06,65.00701219512194,67.15,309.7601035839487,25.9,93.1,0.06813664596273292,0.0,0.07627876008591165,0.0,1.97
1988-07,67.90433070866142,71.3,254.82847919454716,26.7,92.8,0.06073170731707317,0.0,0.05340762568442016,0.0,1.38
1988-08,69.77478632478632,71.55,241.5571727009281,25.2,91.7,0.010580357142857143,0.0,0.005291589926329275,0.0,0.71
1988-09,66.73526011560693,67.7,165.78973786799284,26.7,92.5,0.05512195121951219,0.0,0.11516869669310198,0.0,3.98
1988-10,61.92440944881889,63.6,53.552494688163975,41.6,77.5,0.048086956521739124,0.0,0.062177009916094574,0.0,2.01
1988-11,55.844166666666666,56.95,67.5757640056022,36.8,75.4,0.08981308411214953,0.0,0.17024336095926645,0.0,3.43
1988-12,48.175,48.3,104.50270325203257,20.1,67.5,0.01,0.0,0.00557391304347826,0.0,0.71
1989-01,40.283235294117645,43.0,174.57119304181856,4.5,65.2,0.02267123287671233,0.0,0.005194901850021183,0.0,0.55
1989-02,39.54865771812081,41.150000000000006,244.3743584615732,-13.3,79.6,0.0248207171314741,0.0,0.009413067729083669,0.0,0.94
1989-03,50.16396103896104,49.8,150.28745917763015,16.5,75.9,0.03486792452830189,0.0,0.016903865065751856,0.0,1.02
1989-04,58.06433333333333,56.55,121.54303801560756,27.1,89.2,0.016085409252669037,0.0,0.012010335536349767,0.0,1.5
1989-05,61.27653846153846,59.75,91.54867523017516,46.7,87.6,0.030450819672131146,0.0,0.022424075760642277,0.0,1.38
1989-06,67.40196078431373,65.4,121.58696464412519,51.9,97.9,0.029426229508196722,0.0,0.022199669432638472,0.0,1.3
1989-07,69.48849206349206,70.2,236.79169970910027,24.3,101.5,0.0397609561752988,0.0,0.04315834262948204,0.0,1.89
1989-08,64.91050847457626,67.5,279.15407286982605,21.5,95.8,0.04143344709897611,0.0,0.03224725326102201,0.0,0.98
1989-09,62.02068965517241,63.75,238.11098914210723,22.1,92.5,0.02926056338028169,0.0,0.021457755188374058,0.0,1.18
1989-10,55.00140350877193,55.3,178.15873041759306,19.3,78.6,0.03139622641509434,0.0,0.019361300743281882,0.0,0.98
1989-11,52.467811158798284,52.2,117.19115768832333,17.8,74.1,0.023883495145631067,0.0,0.012967283921382914,0.0,1.3
1989-12,50.46,51.4,47.139872340425526,34.8,63.3,0.0008333333333333334,0.0,2.746478873239437e-05,0.0,0.04
1990-01,38.09536307961505,37.8,180.16685238557102,-8.4,73.2,0.06218627450980392,0.0,0.043778238084242534,0.0,2.05
1990-02,36.83734756097561,37.25,250.40927478588745,-12.4,74.5,0.06648148148148147,0.0,0.056730454201882774,0.0,2.4
1990-03,46.99370078740157,46.8,195.61069002469347,4.3,78.7,0.09583877995642702,0.0,0.186840943383661,0.0,5.75
1990-04,54.65553235908142,54.3,150.17699338754892,19.1,87.1,0.07900647948164147,0.0,0.060502473983899435,0.0,2.17
1990-05,59.37166324435318,58.6,109.18149990282305,32.1,80.7,0.11139484978540773,0.0,0.10106450182288063,0.0,2.64
1990-06,69.18733905579398,69.65,103.22786086113794,40.0,88.3,0.06895787139689578,0.0,0.07139157822123665,0.0,2.32
1990-07,72.94382978723404,73.75,68.55133711382305,52.7,98.8,0.07895196506550217,0.0,0.07373019024777115,0.0,2.48
1990-08,71.44681318681319,71.4,70.91293585709438,48.6,88.2,0.08525386313465783,0.0,0.13223693762331737,0.0,5.04
1990-09,66.08384798099762,64.7,93.02988134826381,44.9,87.1,0.04823244552058111,0.0,0.02760439243987869,0.0,1.69
1990-10,55.91182266009852,55.349999999999994,118.29403271909013,31.2,81.0,0.1400990099009901,0.0,0.21049775692209402,0.0,4.76
1990-11,47.095538057742786,47.3,129.59926951236355,12.1,72.0,0.07947089947089947,0.0,0.06961192090157607,0.0,2.95
1990-12,37.582631578947364,38.95,281.96534398000256,-25.0,73.2,0.1462269129287599,0.0,0.14352884784520667,0.0,3.43
1991-01,39.29731285988484,41.1,391.1618773807765,-10.3,78.6,0.039269406392694065,0.0,0.037305643501248646,0.0,1.93
1991-02,45.296765498652285,47.1,295.5825841043199,0.3,80.4,0.06036923076923077,0.0,0.12175665337132004,0.0,5.08
1991-03,52.80328947368421,51.3,254.36890003474028,-2.1,80.6,0.0380161943319838,0.0,0.04793385339521411,0.0,2.44
1991-04,60.667410714285715,60.099999999999994,149.8885744314541,32.2,88.5,0.06018957345971564,0.0,0.08598282103362673,0.0,3.03
1991-05,66.48595505617978,68.8,124.57714625785562,31.4,91.1,0.0881547619047619,0.0,0.11334088608497292,0.0,3.11
1991-06,73.56466666666667,74.30000000000001,42.686461297539175,54.8,86.0,0.044722222222222226,0.0,0.07120271950271952,0.0,2.72
1991-07,80.43312101910828,81.1,53.47620365833727,60.8,96.2,0.045167785234899324,0.0,0.09332243787411572,0.0,3.5
1991-08,78.2054054054054,78.8,29.379970622796737,61.8,89.4,0.039261363636363636,0.0,0.031510879870129876,0.0,1.38
1991-09,70.49791666666667,73.5,122.36957604895096,34.8,89.5,0.026985294117647062,0.0,0.05256788126361656,0.0,2.64
1991-10,65.35058823529413,67.2,85.02181512605046,46.8,81.4,0.04048780487804878,0.0,0.051426919602529354,0.0,1.93
1991-11,51.09113924050633,50.5,89.35081791626098,29.6,69.3,0.05392405063291139,0.0,0.03707799415774098,0.0,1.34
1991-12,45.785714285714285,44.55,58.09690189328744,26.0,63.8,0.22814814814814816,0.0,0.5656377777777777,0.0,5.12
1992-01,34.2326171875,34.25,243.57398296079987,-14.9,70.8,0.029273504273504274,0.0,0.017590905763282632,0.0,1.61
1992-02,40.52045454545455,40.25,240.58030538302268,-3.6,71.7,0.03489559164733179,0.0,0.029498535585172413,0.0,1.73
1992-03,45.723946360153256,45.2,202.65752527926708,4.2,75.9,0.03357894736842105,0.0,0.03106775483011325,0.0,2.17
1992-04,55.77082452431289,58.0,174.45346902210918,19.6,84.2,0.028228699551569505,0.0,0.03009955207336121,0.0,2.48
1992-05,63.97865168539326,65.1,100.32411529507023,39.2,85.2,0.05077647058823529,0.0,0.060009537180910066,0.0,2.44
1992-06,70.04594594594595,69.9,107.2216772870431,31.5,88.7,0.020664739884393064,0.0,0.01301433944877271,0.0,1.26
1992-07,71.69305555555555,71.6,130.01960317460333,30.7,88.9,0.05066176470588235,0.0,0.050243102886911244,0.0,1.85
1992-08,71.89349593495935,72.8,100.87514119794261,32.1,87.9,0.048034934497816595,0.0,0.06640445491457907,0.0,2.83
1992-09,69.02393617021276,70.35,162.96653629536914,25.9,86.7,0.0544,0.0,0.058882252873563204,0.0,1.89
1992-10,57.924305555555556,57.1,190.05192259129774,21.5,83.8,0.010615384615384617,0.0,0.005167060226595106,0.0,0.79
1992-11,49.078947368421055,49.349999999999994,164.46981835118766,27.0,74.8,0.05434782608695652,0.0,0.020941328236980406,0.0,0.79
1992-12,42.82,38.9,229.1726666666666,14.5,75.3,0.019473684210526313,0.0,0.004309294512877939,0.0,0.43
1993-01,48.19919137466308,49.9,232.47040474976293,5.9,76.9,0.17535294117647057,0.0,0.2252514974839491,0.0,3.39
1993-02,48.896491228070175,51.8,215.41597356066225,1.2,72.7,0.13276,0.0,0.12647869718875493,0.0,2.44
1993-03,56.27451737451737,58.9,162.1205884289605,13.3,79.2,0.07109649122807019,0.0,0.0730045192827885,0.0,2.6
1993-04,64.26525821596245,65.2,61.457466560368495,29.9,82.8,0.03697560975609756,0.0,0.036326102343376375,0.0,2.01
1993-05,71.03267326732673,72.4,48.97992217132164,48.7,89.7,0.012256410256410256,0.0,0.004059830822098862,0.0,0.63
1993-06,76.74334975369457,79.5,65.49405208993817,50.2,92.0,0.04646464646464646,0.0,0.04400469671332614,0.0,2.05
1993-07,78.07254901960785,81.7,76.23924148606801,57.3,93.4,0.06803921568627451,0.0,0.09450139318885452,0.0,3.11
1993-08,79.59329268292683,82.0,58.3176847972469,59.8,89.2,0.08727848101265824,0.0,0.13861229138111747,0.0,2.83
1993-09,77.87078651685393,81.4,77.43845505617972,46.9,86.7,0.0872289156626506,0.0,0.05081783720246842,0.0,1.14
1993-10,64.14590163934426,66.3,131.114191256831,38.7,81.4,0.10533333333333333,0.0,0.3722727683615821,0.0,4.65
1993-11,57.75666666666667,57.1,75.45840229885059,40.1,73.4,0.043333333333333335,0.0,0.035974712643678165,0.0,1.02
1993-12,41.4896551724138,40.9,155.34339987900782,11.2,66.6,0.09363636363636364,0.0,0.12027949260042287,0.0,1.85
1994-01,32.457021276595746,35.9,322.8399825422803,-18.3,64.5,0.11025641025641025,0.0,0.10928147903598538,0.0,2.28
1994-02,34.74628820960699,38.0,315.62740940779895,-12.6,67.8,0.07493333333333332,0.0,0.08824385714285718,0.0,2.56
1994-03,47.66509433962264,50.25,225.24597961191083,5.3,74.1,0.08311320754716982,0.0,0.07933149423231688,0.0,1.89
1994-04,52.97374301675977,55.8,238.88138534931895,14.5,78.7,0.07860335195530727,0.0,0.0741177013370159,0.0,1.81
1994-05,62.0601226993865,63.5,140.32179504658032,12.3,75.9,0.038527607361963194,0.0,0.020855843368931308,0.0,1.12
1994-06,69.46754966887417,72.7,117.63127328918333,20.2,84.8,0.08655629139072848,0.0,0.0951827284768212,0.0,2.24
1994-07,72.8216,72.8,48.676868387096775,55.8,95.5,0.039920000000000004,0.0,0.03581854193548388,0.0,1.77
1994-08,73.20714285714286,73.2,28.892188571428516,52.1,82.2,0.02396825396825397,0.0,0.013724926984126992,0.0,0.87
1994-09,64.2969696969697,63.95,40.31352913752916,42.7,83.6,0.007272727272727273,0.0,0.0008293706293706294,0.0,0.16
1994-10,51.25,52.85,39.82858490566031,34.7,65.3,0.010185185185185186,0.0,0.002930153738644304,0.0,0.39
1994-11,33.108333333333334,34.55,153.97392857142867,5.4,59.4,0.03638888888888889,0.0,0.013229444444444448,0.0,0.53
1994-12,26.096969696969698,28.0,133.3796780303031,5.5,53.0,0.023333333333333338,0.0,0.0050416666666666665,0.0,0.28
1995-01,34.20997442455243,32.7,425.93910538396017,-13.5,79.7,0.07077586206896551,0.0,0.09085386316207891,0.0,3.07
1995-02,36.43421926910299,35.3,456.9879918050936,-16.1,80.1,0.039999999999999994,0.0,0.028939636363636362,0.0,1.44
1995-03,49.23265306122449,51.3,381.8507326865176,-10.6,79.1,0.04127753303964758,0.0,0.03066340493548008,0.0,1.97
1995-04,56.15198019801981,57.65,295.90887665632226,4.6,82.5,0.03153005464480874,0.0,0.017577865849996998,0.0,1.18
1995-05,63.49364406779661,61.9,143.3733636855393,32.5,84.1,0.05597285067873304,0.0,0.03589143562320032,0.0,1.3
1995-06,73.87391304347827,76.5,99.22919021739118,41.1,88.4,0.10081081081081081,0.0,0.10515716124287555,0.0,1.86
1995-07,77.91216216216216,80.35,56.373048354477135,55.7,90.2,0.07466666666666667,0.0,0.05260716417910448,0.0,1.3
1995-08,78.26466666666667,80.1,63.33854183445197,60.1,93.8,0.1493984962406015,0.0,0.46648296878560047,0.0,5.65
1995-09,72.96573426573427,74.5,92.88409928100063,43.7,87.0,0.1043801652892562,0.0,0.10781315426997251,0.0,1.89
1995-10,72.88695652173914,72.44999999999999,53.59213569039651,59.9,83.0,0.2316,0.0,0.6806082162162161,0.0,4.26
1995-11,64.6632911392405,60.2,186.9785069782538,42.8,81.9,0.004905660377358491,0.0,0.0007639332365747461,0.0,0.19
1995-12,62.03548387096774,67.3,335.0413432046534,33.9,81.0,0.0,0.0,0.0,0.0,0.0
1996-01,26.616275430359938,24.9,338.66750115165553,-28.5,78.5,0.009685573366214551,0.0,0.009095582752878938,0.0,2.21
1996-02,30.1028813559322,31.5,372.0766282109007,-31.6,75.8,0.004696382428940568,0.0,0.001867070006297089,0.0,0.94
1996-03,33.39156232988569,33.3,251.85804968197849,-17.9,76.5,0.0036522262334536706,0.0,0.0020666652539210913,0.0,1.38
1996-04,42.88498023715415,42.2,200.7295256916992,3.4,80.7,0.00455294863665187,0.0,0.00213319151572896,0.0,0.94
1996-05,52.12769402568397,52.2,212.06258456777994,4.2,85.1,0.011102265768524189,0.0,0.01585564701079449,0.0,2.83
1996-06,62.24702602230483,63.6,194.97293287347009,2.4,99.7,0.00456199460916442,0.0,0.0034779604157086598,0.0,1.22
1996-07,73.34606741573035,73.6,64.90478549540352,55.3,87.0,0.04708860759493671,0.0,0.03006962025316456,0.0,1.3
1996-08,65.19636363636364,69.1,165.03294949494958,40.0,81.3,0.031,0.0,0.011103061224489803,0.0,0.59
1996-09,66.16666666666667,68.2,82.25833333333335,44.9,79.3,0.0595,0.0,0.044583947368421036,0.0,0.94
1997-01,38.83259052924791,38.7,274.7815885218093,-6.4,76.7,0.034639769452449565,0.0,0.02558043344272126,0.0,1.34
1997-02,41.89492537313433,41.4,243.7986867459113,3.3,81.2,0.017108433734939758,0.0,0.03257167400720707,0.0,3.23
1997-03,50.722829581993565,50.4,231.6999609998965,10.9,81.1,0.004271844660194175,0.0,0.0007180557306770902,0.0,0.26
1997-04,51.68333333333333,50.95,201.67949302915082,15.9,82.4,0.010671936758893281,0.0,0.0032793086140912235,0.0,0.67
1997-05,60.16081632653061,60.5,135.17845834727316,33.2,86.7,0.012791666666666668,0.0,0.011570835076708504,0.0,1.58
1997-06,68.01238938053098,66.6,116.01557915437549,46.3,87.6,0.012035398230088494,0.0,0.0031958387413962633,0.0,0.51
1997-07,70.51262626262626,72.55000000000001,152.7840529662106,34.5,95.0,0.005757575757575757,0.0,0.0009321642824180899,0.0,0.29
1997-08,69.29302325581395,66.7,92.20112281976756,55.0,86.7,0.0017829457364341083,0.0,0.00010070251937984497,0.0,0.06
1997-09,62.192682926829264,60.3,170.7187165133946,21.6,84.3,0.008130081300813009,0.0,0.0018546714647474346,0.0,0.37
1997-10,44.96060606060606,41.7,146.05058712121203,31.0,81.1,0.0246875,0.0,0.005851512096774193,0.0,0.35
1997-11,30.831999999999997,29.3,65.31143333333334,19.7,48.2,0.0308,0.0,0.023716,0.0,0.77
1997-12,16.081818181818182,17.4,80.46727272727271,2.3,33.4,0.007142857142857143,0.0,0.0005314285714285714,0.0,0.09
1998-01,40.893046357615894,40.55,310.80603122043493,-27.9,77.1,0.024744027303754267,0.0,0.018644197952218437,0.0,2.01
1998-02,44.8443579766537,41.6,194.5481809338523,5.9,79.2,0.06324110671936758,0.0,0.07250453290670686,0.0,2.78
1998-03,47.667256637168144,47.3,317.00214955228563,-2.8,85.3,0.02808259587020649,0.0,0.02818004049501666,0.0,2.3
1998-04,54.006840390879475,49.5,223.46188116071602,26.2,90.0,0.01877887788778878,0.0,0.01103327213516053,0.0,1.28
1998-05,63.59616519174041,61.3,185.7312574400864,38.4,95.4,0.0178698224852071,0.0,0.006350938493143468,0.0,0.92
1998-06,69.0441947565543,70.0,183.20691166117518,37.4,98.1,0.03841509433962264,0.0,0.03778459977129795,0.0,2.72
1998-07,76.50464135021096,77.7,103.30756311235062,41.4,97.9,0.025084745762711864,0.0,0.00860297151099892,0.0,0.75
1998-08,75.23236514522821,77.2,81.55444813278002,53.8,92.8,0.0625,0.0,0.08305031914893626,0.0,2.77
1998-09,69.29551020408164,70.9,110.56854533288687,43.5,93.1,0.02806584362139918,0.0,0.011729714654967183,0.0,1.03
1998-10,56.04734513274337,53.599999999999994,178.70721514257622,32.2,84.4,0.10601769911504424,0.0,0.3957725152409045,0.0,8.86
1998-11,48.005687203791474,46.6,247.71463416835917,12.3,76.5,0.10602870813397129,0.0,0.10416828763341927,0.0,2.23
1998-12,38.325675675675676,37.849999999999994,428.0102427540659,-17.0,76.7,0.08244343891402714,0.0,0.13708127519539276,0.0,3.5
1999-01,40.31204701273262,40.1,266.047874720432,-16.6,77.2,0.08312844880441447,0.0,0.08872035081402763,0.0,6.49
1999-02,44.579099923722346,43.9,179.68998728861013,-1.8,77.9,0.05621254759145836,0.0,0.03976644753127351,0.0,3.04
1999-03,47.295158210583736,47.3,148.04402647885405,3.3,81.0,0.0646480511925538,0.0,0.05008783247765613,0.0,3.56
1999-04,56.42976898602849,54.9,150.5083223179584,20.4,88.1,0.07436817242397402,0.0,0.07310642931905706,0.0,6.91
1999-05,63.99387035530241,63.9,99.83877701614809,23.4,97.0,0.0725,0.0,0.06931410525553795,0.0,4.47
1999-06,71.24521299029945,72.4,90.89798643170955,14.7,107.6,0.08382616487455197,0.0,0.09116023504942679,0.0,6.58
1999-07,76.71690834473324,78.1,73.5479012352703,38.0,103.5,0.06381968641114982,0.0,0.05891285088580263,0.0,3.5
1999-08,75.22703071672355,75.3,77.46784925151402,33.5,103.4,0.06366195150115474,0.0,0.06910368071176787,0.0,4.38
1999-09,68.17346735101226,68.0,91.65060776757755,27.1,105.6,0.0957593123209169,0.0,0.18315914809388642,0.0,8.18
1999-10,58.987950977692094,58.7,124.59365317594654,27.1,89.9,0.05151580459770115,0.0,0.06411704386571272,0.0,6.18
1999-11,52.21213757816941,53.0,122.58790098803493,13.5,86.9,0.050084720570749114,0.0,0.04385010431236448,0.0,2.86
1999-12,41.695525101384426,41.7,167.50884430814577,-9.1,79.6,0.049537297938603,0.0,0.03794466869913493,0.0,3.87
2000-01,34.96719906298249,34.1,293.7388628426872,-26.5,83.3,0.05352643823419594,0.0,0.03912286948281254,0.0,4.09
2000-02,41.47799204771372,41.0,228.425161067846,-11.3,82.7,0.057493214601567505,0.0,0.04197206289235324,0.0,5.99
2000-03,48.54933290978399,47.6,161.85277996530377,-6.0,86.0,0.06415758967322824,0.0,0.05262074039777424,0.0,7.45
2000-04,54.322137885679844,54.2,133.79803537122598,4.9,89.7,0.06482883772248192,0.0,0.055020499883808874,0.0,5.75
2000-05,65.26787544134434,64.8,121.0182403119779,22.8,104.5,0.07253882511816341,0.0,0.06797814749518385,0.0,7.61
2000-06,70.75572910947623,71.4,89.67828792749498,29.3,108.1,0.09590316901408451,0.0,0.09671663489121585,0.0,9.6
2000-07,74.35601417608186,74.0,74.02147207611755,36.3,107.4,0.069766529330979,0.0,0.07078930868292285,0.0,5.88
2000-08,74.58928030202324,74.3,78.51245341427702,33.8,108.8,0.0564102206087685,0.0,0.051018705740435905,0.0,7.16
2000-09,66.98470429589675,67.2,134.64043919659906,22.5,103.6,0.07682966349353317,0.0,0.10500822124505266,0.0,9.23
2000-10,57.18660733262487,57.4,128.20464727427412,6.9,90.0,0.05264881863468121,0.0,0.056977626779538035,0.0,12.48
2000-11,41.8606059772896,41.7,207.55472027067165,-18.5,82.6,0.06284238267796712,0.0,0.06162156721952799,0.0,6.74
2000-12,30.110077001229882,29.9,297.1391206646408,-22.4,81.6,0.03789814542243156,0.0,0.03324672282325548,0.0,13.9
